,Libelle de la circonscription,Code du departement,Libelle du departement,Code de la circonscription,Nom1,Prenom1,Nom2,Prenom2,Nom3,Prenom3,Nom4,Prenom4,Nom5,Prenom5,Nom6,Prenom6,Nom7,Prenom7,Nom8,Prenom8,Nom9,Prenom9,Nom10,Prenom10,Nom11,Prenom11,Nom12,Prenom12,Inscrits,Abstentions,Votants,Exprimes,Voix1,Voix2,Voix3,Voix4,Voix5,Voix6,Voix7,Voix8,Voix9,Voix10,Voix11,Voix12,Blancs/Nuls,Bord1,Bord2,Bord3,Bord4,Bord5,Bord6,Bord7,Bord8,Bord9,Bord10,Bord11,Bord12,Annee,Tour
0,10eme circonscription,75.0,Paris,10,ARTHAUD,Nathalie,ROUSSEL,Fabien,MACRON,Emmanuel,LASSALLE,Jean,LE PEN,Marine,ZEMMOUR,eric,MELENCHON,Jean-Luc,HIDALGO,Anne,JADOT,Yannick,PECRESSE,Valerie,POUTOU,Philippe,DUPONT-AIGNAN,Nicolas,69820,15846,53974,53100,206,1116,16296,712,3590,3369,18546,1447,4006,2851,367,594,874,EXG,COM,C,CD,EXD,EXD,RG,G,G,D,EXG,SOU,2022,1
1,11eme circonscription,75.0,Paris,11,ARTHAUD,Nathalie,ROUSSEL,Fabien,MACRON,Emmanuel,LASSALLE,Jean,LE PEN,Marine,ZEMMOUR,eric,MELENCHON,Jean-Luc,HIDALGO,Anne,JADOT,Yannick,PECRESSE,Valerie,POUTOU,Philippe,DUPONT-AIGNAN,Nicolas,72832,14079,58753,57972,153,1065,22689,724,2728,4363,14735,1376,5104,4226,291,518,781,EXG,COM,C,CD,EXD,EXD,RG,G,G,D,EXG,SOU,2022,1
2,12eme circonscription,75.0,Paris,12,ARTHAUD,Nathalie,ROUSSEL,Fabien,MACRON,Emmanuel,LASSALLE,Jean,LE PEN,Marine,ZEMMOUR,eric,MELENCHON,Jean-Luc,HIDALGO,Anne,JADOT,Yannick,PECRESSE,Valerie,POUTOU,Philippe,DUPONT-AIGNAN,Nicolas,76504,15284,61220,60518,103,712,25842,773,3411,6661,10494,1010,4055,6627,175,655,702,EXG,COM,C,CD,EXD,EXD,RG,G,G,D,EXG,SOU,2022,1
3,13eme circonscription,75.0,Paris,13,ARTHAUD,Nathalie,ROUSSEL,Fabien,MACRON,Emmanuel,LASSALLE,Jean,LE PEN,Marine,ZEMMOUR,eric,MELENCHON,Jean-Luc,HIDALGO,Anne,JADOT,Yannick,PECRESSE,Valerie,POUTOU,Philippe,DUPONT-AIGNAN,Nicolas,77820,16678,61142,60235,156,892,23258,859,4140,5398,13605,1240,4285,5438,249,715,907,EXG,COM,C,CD,EXD,EXD,RG,G,G,D,EXG,SOU,2022,1
4,14eme circonscription,75.0,Paris,14,ARTHAUD,Nathalie,ROUSSEL,Fabien,MACRON,Emmanuel,LASSALLE,Jean,LE PEN,Marine,ZEMMOUR,eric,MELENCHON,Jean-Luc,HIDALGO,Anne,JADOT,Yannick,PECRESSE,Valerie,POUTOU,Philippe,DUPONT-AIGNAN,Nicolas,75745,15491,60254,59602,57,368,27809,633,3497,9747,5656,492,2258,8440,126,519,652,EXG,COM,C,CD,EXD,EXD,RG,G,G,D,EXG,SOU,2022,1
5,15eme circonscription,75.0,Paris,15,ARTHAUD,Nathalie,ROUSSEL,Fabien,MACRON,Emmanuel,LASSALLE,Jean,LE PEN,Marine,ZEMMOUR,eric,MELENCHON,Jean-Luc,HIDALGO,Anne,JADOT,Yannick,PECRESSE,Valerie,POUTOU,Philippe,DUPONT-AIGNAN,Nicolas,78647,18551,60096,59162,227,1352,14428,651,3423,3124,27057,1442,4530,1914,459,555,934,EXG,COM,C,CD,EXD,EXD,RG,G,G,D,EXG,SOU,2022,1
6,16eme circonscription,75.0,Paris,16,ARTHAUD,Nathalie,ROUSSEL,Fabien,MACRON,Emmanuel,LASSALLE,Jean,LE PEN,Marine,ZEMMOUR,eric,MELENCHON,Jean-Luc,HIDALGO,Anne,JADOT,Yannick,PECRESSE,Valerie,POUTOU,Philippe,DUPONT-AIGNAN,Nicolas,74499,19782,54717,53983,221,1068,13037,513,2845,3617,24931,1239,4001,1694,381,436,734,EXG,COM,C,CD,EXD,EXD,RG,G,G,D,EXG,SOU,2022,1
7,17eme circonscription,75.0,Paris,17,ARTHAUD,Nathalie,ROUSSEL,Fabien,MACRON,Emmanuel,LASSALLE,Jean,LE PEN,Marine,ZEMMOUR,eric,MELENCHON,Jean-Luc,HIDALGO,Anne,JADOT,Yannick,PECRESSE,Valerie,POUTOU,Philippe,DUPONT-AIGNAN,Nicolas,61693,17560,44133,43435,171,756,9284,397,2349,2472,22199,956,2920,1233,350,348,698,EXG,COM,C,CD,EXD,EXD,RG,G,G,D,EXG,SOU,2022,1
8,18eme circonscription,75.0,Paris,18,ARTHAUD,Nathalie,ROUSSEL,Fabien,MACRON,Emmanuel,LASSALLE,Jean,LE PEN,Marine,ZEMMOUR,eric,MELENCHON,Jean-Luc,HIDALGO,Anne,JADOT,Yannick,PECRESSE,Valerie,POUTOU,Philippe,DUPONT-AIGNAN,Nicolas,70071,15226,54845,54096,144,1007,18075,552,2435,2763,19476,1331,5422,2129,333,429,749,EXG,COM,C,CD,EXD,EXD,RG,G,G,D,EXG,SOU,2022,1
9,1ere circonscription,75.0,Paris,1,ARTHAUD,Nathalie,ROUSSEL,Fabien,MACRON,Emmanuel,LASSALLE,Jean,LE PEN,Marine,ZEMMOUR,eric,MELENCHON,Jean-Luc,HIDALGO,Anne,JADOT,Yannick,PECRESSE,Valerie,POUTOU,Philippe,DUPONT-AIGNAN,Nicolas,97799,19432,78367,77053,183,872,31799,943,5258,7031,17783,1351,5286,5556,389,602,1314,EXG,COM,C,CD,EXD,EXD,RG,G,G,D,EXG,SOU,2022,1
10,2eme circonscription,75.0,Paris,2,ARTHAUD,Nathalie,ROUSSEL,Fabien,MACRON,Emmanuel,LASSALLE,Jean,LE PEN,Marine,ZEMMOUR,eric,MELENCHON,Jean-Luc,HIDALGO,Anne,JADOT,Yannick,PECRESSE,Valerie,POUTOU,Philippe,DUPONT-AIGNAN,Nicolas,74549,14110,60439,59727,116,821,25930,739,2783,6170,11423,1080,4212,5699,233,521,712,EXG,COM,C,CD,EXD,EXD,RG,G,G,D,EXG,SOU,2022,1
11,3eme circonscription,75.0,Paris,3,ARTHAUD,Nathalie,ROUSSEL,Fabien,MACRON,Emmanuel,LASSALLE,Jean,LE PEN,Marine,ZEMMOUR,eric,MELENCHON,Jean-Luc,HIDALGO,Anne,JADOT,Yannick,PECRESSE,Valerie,POUTOU,Philippe,DUPONT-AIGNAN,Nicolas,71219,15422,55797,54947,148,836,20330,645,2953,3579,16570,1186,4611,3314,274,501,850,EXG,COM,C,CD,EXD,EXD,RG,G,G,D,EXG,SOU,2022,1
12,4eme circonscription,75.0,Paris,4,ARTHAUD,Nathalie,ROUSSEL,Fabien,MACRON,Emmanuel,LASSALLE,Jean,LE PEN,Marine,ZEMMOUR,eric,MELENCHON,Jean-Luc,HIDALGO,Anne,JADOT,Yannick,PECRESSE,Valerie,POUTOU,Philippe,DUPONT-AIGNAN,Nicolas,74018,15070,58948,58273,55,371,26755,615,3200,9793,6849,554,2472,6982,121,506,675,EXG,COM,C,CD,EXD,EXD,RG,G,G,D,EXG,SOU,2022,1
13,5eme circonscription,75.0,Paris,5,ARTHAUD,Nathalie,ROUSSEL,Fabien,MACRON,Emmanuel,LASSALLE,Jean,LE PEN,Marine,ZEMMOUR,eric,MELENCHON,Jean-Luc,HIDALGO,Anne,JADOT,Yannick,PECRESSE,Valerie,POUTOU,Philippe,DUPONT-AIGNAN,Nicolas,78763,16797,61966,61202,158,1063,21304,574,2513,3326,21354,1604,6180,2390,342,394,764,EXG,COM,C,CD,EXD,EXD,RG,G,G,D,EXG,SOU,2022,1
14,6eme circonscription,75.0,Paris,6,ARTHAUD,Nathalie,ROUSSEL,Fabien,MACRON,Emmanuel,LASSALLE,Jean,LE PEN,Marine,ZEMMOUR,eric,MELENCHON,Jean-Luc,HIDALGO,Anne,JADOT,Yannick,PECRESSE,Valerie,POUTOU,Philippe,DUPONT-AIGNAN,Nicolas,80319,17434,62885,62012,220,1267,16939,610,2813,2893,26927,1683,5756,1974,442,488,873,EXG,COM,C,CD,EXD,EXD,RG,G,G,D,EXG,SOU,2022,1
15,7eme circonscription,75.0,Paris,7,ARTHAUD,Nathalie,ROUSSEL,Fabien,MACRON,Emmanuel,LASSALLE,Jean,LE PEN,Marine,ZEMMOUR,eric,MELENCHON,Jean-Luc,HIDALGO,Anne,JADOT,Yannick,PECRESSE,Valerie,POUTOU,Philippe,DUPONT-AIGNAN,Nicolas,79551,15918,63633,62821,145,1192,22884,644,2739,3776,19659,1795,6193,2911,393,490,812,EXG,COM,C,CD,EXD,EXD,RG,G,G,D,EXG,SOU,2022,1
16,8eme circonscription,75.0,Paris,8,ARTHAUD,Nathalie,ROUSSEL,Fabien,MACRON,Emmanuel,LASSALLE,Jean,LE PEN,Marine,ZEMMOUR,eric,MELENCHON,Jean-Luc,HIDALGO,Anne,JADOT,Yannick,PECRESSE,Valerie,POUTOU,Philippe,DUPONT-AIGNAN,Nicolas,83848,18271,65577,63271,196,1261,20151,797,4074,4594,20603,1691,5156,3663,415,670,2306,EXG,COM,C,CD,EXD,EXD,RG,G,G,D,EXG,SOU,2022,1
17,9eme circonscription,75.0,Paris,9,ARTHAUD,Nathalie,ROUSSEL,Fabien,MACRON,Emmanuel,LASSALLE,Jean,LE PEN,Marine,ZEMMOUR,eric,MELENCHON,Jean-Luc,HIDALGO,Anne,JADOT,Yannick,PECRESSE,Valerie,POUTOU,Philippe,DUPONT-AIGNAN,Nicolas,70328,15717,54611,53653,232,1248,16010,758,3678,3412,19505,1424,3821,2523,392,650,958,EXG,COM,C,CD,EXD,EXD,RG,G,G,D,EXG,SOU,2022,1
